City_ID,City,Lat,Lng,Max Temp,Humidity,Cloudiness,Wind Speed,Current Description
0,Castro,-24.7911,-50.0119,64.49,75,28,5.48,scattered clouds
1,Ornskoldsvik,63.2909,18.7153,32.0,80,20,1.14,few clouds
2,Mahebourg,-20.4081,57.7,77.0,94,75,10.27,light rain
3,Kaseda,31.4167,130.3167,54.52,67,0,6.87,clear sky
4,Hovd,48.0056,91.6419,47.21,41,65,13.24,broken clouds
5,Mataura,-46.1927,168.8643,43.7,89,0,3.44,clear sky
6,Margate,51.3813,1.3862,44.01,79,5,1.01,clear sky
7,Saint George,37.1041,-113.5841,79.0,9,1,12.66,clear sky
8,Poya,-21.35,165.15,75.65,90,50,4.5,scattered clouds
9,Punta Arenas,-53.15,-70.9167,53.6,54,20,17.27,few clouds
10,Bouillante,16.1304,-61.7692,84.2,58,75,14.97,broken clouds
11,Albany,42.6001,-73.9662,60.01,44,100,4.63,overcast clouds
12,Nikolskoye,59.7035,30.7861,41.0,52,0,4.47,clear sky
13,Emba,48.8264,58.1442,36.81,63,100,19.35,overcast clouds
14,Rongcheng,30.634,117.8517,62.04,76,98,1.72,light rain
15,Kaitangata,-46.2817,169.8464,50.0,70,1,4.0,clear sky
16,Avarua,-21.2078,-159.775,80.6,69,58,8.05,broken clouds
17,Petatlan,17.5167,-101.2667,86.0,51,40,7.72,scattered clouds
18,Geraldton,-28.7667,114.6,55.4,88,0,6.91,clear sky
19,Yellowknife,62.456,-114.3525,33.8,64,40,5.75,scattered clouds
20,Putina,-15.4667,-69.4333,50.02,41,3,5.79,clear sky
21,Hobart,-42.8794,147.3294,52.0,87,75,8.05,light rain
22,Kodiak,57.79,-152.4072,42.8,87,90,18.41,overcast clouds
23,East London,-33.0153,27.9116,65.26,76,100,6.8,light rain
24,Mecca,21.4267,39.8261,87.1,34,6,2.71,clear sky
25,Port Alfred,-33.5906,26.891,64.0,75,100,11.9,light rain
26,Hilo,19.7297,-155.09,80.6,61,90,8.05,overcast clouds
27,Panalingaan,8.7842,117.4231,78.64,84,100,8.03,overcast clouds
28,Aquiraz,-3.9014,-38.3911,82.99,78,75,5.75,broken clouds
29,Dikson,73.5069,80.5464,-4.31,96,16,7.99,few clouds
30,Borovoy,55.4333,86.0833,14.0,62,40,6.71,scattered clouds
31,Jardim,-21.4803,-56.1381,92.62,22,3,2.66,clear sky
32,Provideniya,64.3833,-173.3,30.2,64,0,6.71,clear sky
33,Victoria,22.2855,114.1577,72.0,78,100,1.01,overcast clouds
34,Arraial Do Cabo,-22.9661,-42.0278,77.0,78,0,19.57,clear sky
35,Papara,-3.9839,-38.7273,82.99,78,75,5.75,broken clouds
36,Kapaa,22.0752,-159.319,80.01,69,1,4.61,clear sky
37,Bredasdorp,-34.5322,20.0403,59.0,77,98,16.11,overcast clouds
38,Esperance,-33.8667,121.9,57.2,100,90,4.61,light rain
39,Busselton,-33.65,115.3333,53.01,98,66,1.01,broken clouds
40,New Norfolk,-42.7826,147.0587,52.0,75,100,1.97,overcast clouds
41,Hasaki,35.7333,140.8333,44.6,100,20,2.3,few clouds
42,Jamestown,42.097,-79.2353,61.0,38,75,8.05,broken clouds
43,Kazachinskoye,57.6953,93.2761,14.77,83,98,10.45,overcast clouds
44,Olinda,-8.0089,-34.8553,80.6,74,40,5.75,scattered clouds
45,Fortuna,40.5982,-124.1573,60.01,82,20,9.22,few clouds
46,Cape Town,-33.9258,18.4232,64.0,72,0,5.75,clear sky
47,Cherskiy,68.75,161.3,20.77,82,90,7.85,overcast clouds
48,Basqal,40.7552,48.391,55.4,76,73,4.61,broken clouds
49,Ushuaia,-54.8,-68.3,44.6,87,75,5.75,moderate rain
50,Butaritari,3.0707,172.7902,83.05,75,91,13.71,overcast clouds
51,Mar Del Plata,-38.0023,-57.5575,75.2,50,0,12.66,clear sky
52,Souillac,-20.5167,57.5167,77.0,94,75,10.22,broken clouds
53,Te Anau,-45.4167,167.7167,46.96,92,12,3.02,few clouds
54,Ribeira Grande,38.5167,-28.7,62.6,94,40,13.8,scattered clouds
55,Khatanga,71.9667,102.5,-19.26,100,26,2.68,scattered clouds
56,Guerrero Negro,27.9769,-114.0611,79.9,26,0,14.61,clear sky
57,Rikitea,-23.1203,-134.9692,77.85,72,0,10.02,clear sky
58,Waddan,29.1614,16.139,64.15,44,41,21.61,scattered clouds
59,Dabuleni,43.8,24.0833,45.0,87,90,4.61,overcast clouds
60,Walla Walla,46.0646,-118.343,62.01,33,1,3.44,clear sky
61,Lidkoping,58.5052,13.1577,44.01,75,7,5.75,clear sky
62,Chokurdakh,70.6333,147.9167,13.17,88,100,10.07,overcast clouds
63,Paralimni,35.0375,33.9833,72.0,73,0,3.31,clear sky
64,Aksu,41.1231,80.2644,56.71,55,100,0.92,overcast clouds
65,Campbell River,50.0163,-125.2446,64.4,36,20,10.36,few clouds
66,Salta,-24.7859,-65.4117,73.4,64,40,9.22,scattered clouds
67,Port Elizabeth,-33.918,25.5701,59.0,94,90,2.3,light rain
68,Talnakh,69.4865,88.3972,-13.02,96,60,2.39,broken clouds
69,Chernyshkovskiy,48.4219,42.2308,53.22,84,100,5.12,overcast clouds
70,Puerto Ayora,-0.7393,-90.3518,80.6,74,20,18.41,light rain
71,Komsomolskiy,40.4272,71.7189,60.8,41,87,2.3,light rain
72,Wawa,9.9022,4.4192,92.53,31,84,5.32,broken clouds
73,El Mante,22.7333,-98.9667,82.99,47,10,5.99,clear sky
74,Bambous Virieux,-20.3428,57.7575,77.0,94,75,10.18,light rain
75,Xingyi,24.1877,102.817,58.68,61,0,7.16,clear sky
76,Ponta Do Sol,32.6667,-17.1,62.01,68,41,3.4,scattered clouds
77,Trairi,-3.2778,-39.2689,79.18,81,92,4.76,light rain
78,Bethel,41.3712,-73.414,57.99,67,90,5.75,overcast clouds
79,Bengkulu,-3.8004,102.2655,75.76,87,67,3.18,broken clouds
80,Torbay,47.6666,-52.7314,43.0,87,90,11.5,light rain
81,Katsuura,35.1333,140.3,55.0,54,20,4.61,few clouds
82,Kahului,20.8947,-156.47,80.6,69,20,5.75,few clouds
83,Codrington,-38.2667,141.9667,54.52,84,35,12.82,light rain
84,Itarema,-2.9248,-39.9167,79.38,81,93,6.08,overcast clouds
85,Araxa,-19.5933,-46.9406,77.0,53,20,11.5,few clouds
86,Samarai,-10.6167,150.6667,81.73,79,97,10.33,overcast clouds
87,Tete,-16.1564,33.5867,69.8,78,40,5.53,scattered clouds
88,Dakoro,14.5106,6.765,92.21,7,7,9.55,clear sky
89,Pacific Grove,36.6177,-121.9166,55.99,71,75,11.5,broken clouds
90,Parrita,9.5201,-84.3225,78.8,94,75,3.44,broken clouds
91,Vaini,-21.2,-175.2,73.4,100,75,5.75,light rain
92,Thompson,55.7435,-97.8558,26.6,54,90,13.8,overcast clouds
93,Honiara,-9.4333,159.95,77.61,86,91,5.21,overcast clouds
94,Hun,29.1268,15.9477,65.64,40,61,18.92,broken clouds
95,Latung,5.5,120.8833,81.7,76,100,6.58,overcast clouds
96,Hithadhoo,-0.6,73.0833,82.8,64,66,4.38,broken clouds
97,Sorland,67.667,12.6934,44.6,81,0,11.5,clear sky
98,Praia Da Vitoria,38.7333,-27.0667,63.0,82,40,12.08,scattered clouds
99,Gamba,-2.65,10.0,76.39,92,100,7.67,light rain
100,Chunhuhub,19.55,-88.6833,94.73,39,60,3.04,broken clouds
101,Bilma,18.6853,12.9164,90.46,7,0,8.1,clear sky
102,Whitley Bay,55.0397,-1.4471,45.0,87,7,4.61,clear sky
103,Warangal,18.0,79.5833,86.67,50,29,10.98,scattered clouds
104,Anadyr,64.75,177.4833,10.4,85,20,6.71,fog
105,Akdagmadeni,39.6603,35.8836,58.14,49,93,8.03,overcast clouds
106,Lagoa,39.05,-27.9833,62.31,83,99,6.02,overcast clouds
107,Bluff,-46.6,168.3333,50.54,84,0,11.9,clear sky
108,Natalio,-26.7167,-55.0833,83.32,41,0,0.89,clear sky
109,Constitucion,-35.3333,-72.4167,61.95,79,57,9.04,broken clouds
110,Vardo,70.3705,31.1107,41.0,52,0,18.41,clear sky
111,Hede,33.7681,120.2517,47.35,73,3,7.4,clear sky
112,Saskylakh,71.9167,114.0833,-16.56,100,89,3.47,overcast clouds
113,Camacha,33.0833,-16.3333,66.2,77,40,9.22,scattered clouds
114,Carnarvon,-24.8667,113.6333,73.18,56,0,23.31,clear sky
115,Sao Joao Da Barra,-21.6403,-41.0511,78.8,73,20,11.5,few clouds
116,Okha,53.5739,142.9478,30.34,98,100,8.08,snow
117,Leh,34.1667,77.5833,29.35,36,6,2.71,clear sky
118,Santa Teresa,10.2341,-66.6631,86.0,74,20,8.05,few clouds
119,Sucua,-2.4667,-78.1667,69.8,94,75,8.05,moderate rain
120,Machaneng,-23.1862,27.4886,66.42,36,0,6.02,clear sky
121,Mayskiy,47.6931,40.1025,50.0,93,20,2.24,few clouds
122,Luena,-11.7833,19.9167,65.43,69,99,4.7,overcast clouds
123,Bosaso,11.2842,49.1816,82.98,68,100,3.15,overcast clouds
124,Los Llanos De Aridane,28.6585,-17.9182,68.0,73,20,16.11,few clouds
125,Yei,4.095,30.6779,74.3,66,94,4.85,overcast clouds
126,Mount Isa,-20.7333,139.5,71.6,30,11,8.05,few clouds
127,Hermanus,-34.4187,19.2345,61.0,81,95,11.99,overcast clouds
128,Nunchia,5.6406,-72.1986,88.02,44,90,7.61,overcast clouds
129,Tessalit,20.1986,1.0114,87.15,7,50,9.35,scattered clouds
130,Amapa,1.0,-52.0,80.83,82,92,1.9,moderate rain
131,Atuona,-9.8,-139.0333,79.7,80,23,18.97,light rain
132,Hualmay,-11.0964,-77.6139,73.13,71,64,10.45,broken clouds
133,Puerto Colombia,10.9878,-74.9547,89.6,62,20,10.36,few clouds
134,Port Hedland,-20.3167,118.5667,71.6,78,75,3.44,broken clouds
135,Coihaique,-45.5752,-72.0662,53.6,47,75,4.61,broken clouds
136,Iqaluit,63.7506,-68.5145,23.0,74,75,4.61,light snow
137,Necochea,-38.5473,-58.7368,79.0,55,3,11.01,clear sky
138,Tonder,54.9331,8.8667,51.01,76,0,6.26,clear sky
139,Bibbiena,43.6965,11.8135,50.0,76,66,1.99,broken clouds
140,Taltal,-25.4,-70.4833,65.97,73,26,4.41,scattered clouds
141,Shelburne,44.0787,-80.2041,60.01,52,100,18.57,overcast clouds
142,Airai,-8.9266,125.4092,56.95,85,63,1.36,broken clouds
143,Zlobin,45.2924,14.6541,52.0,62,40,1.14,scattered clouds
144,Takapau,-40.0333,176.35,48.99,94,98,0.94,overcast clouds
145,Sechura,-5.5569,-80.8222,78.64,62,33,14.88,scattered clouds
146,Hambantota,6.1241,81.1185,77.0,100,40,3.44,scattered clouds
147,Faanui,-16.4833,-151.75,82.71,70,11,12.93,few clouds
148,Birjand,32.8663,59.2211,59.0,26,0,3.76,clear sky
149,Cockburn Town,21.4612,-71.1419,82.4,65,20,25.32,few clouds
150,Capreol,46.706,-80.9225,48.2,57,90,23.02,overcast clouds
151,Sao Filipe,14.8961,-24.4956,73.89,74,38,13.67,scattered clouds
152,Qaanaaq,77.484,-69.3632,6.69,80,100,6.15,overcast clouds
153,Havoysund,70.9963,24.6622,41.0,81,0,2.3,clear sky
154,Urusha,54.05,122.9,12.85,84,7,3.02,clear sky
155,Port-Gentil,-0.7193,8.7815,77.0,94,20,3.44,light rain
156,Qaqortoq,60.7167,-46.0333,42.8,36,75,6.91,broken clouds
157,Chanika,-5.4167,38.0167,65.82,96,100,1.41,overcast clouds
158,Saldanha,-33.0117,17.9442,68.0,56,9,6.91,clear sky
159,Cayenne,4.9333,-52.3333,77.0,94,75,12.66,broken clouds
160,Domoni,-12.2569,44.5319,77.59,82,62,2.46,light rain
161,Kinablangan,7.6947,126.5503,78.46,72,100,3.69,overcast clouds
162,Soloneshnoye,51.6544,84.3197,19.56,97,100,3.33,overcast clouds
163,La Palma,33.8464,-118.0467,88.0,50,1,12.66,clear sky
164,Katherine,-14.4667,132.2667,64.4,82,53,4.61,broken clouds
165,Tuktoyaktuk,69.4541,-133.0374,23.0,93,40,6.91,scattered clouds
166,Barwala,29.3833,75.9167,78.35,16,30,5.95,scattered clouds
167,Bathsheba,13.2167,-59.5167,82.4,54,20,21.85,few clouds
168,Cidreira,-30.1811,-50.2056,69.69,74,61,11.81,broken clouds
169,Alice Springs,-23.7,133.8833,42.8,65,1,5.75,clear sky
170,Bandarbeyla,9.4942,50.8122,81.86,78,86,7.65,overcast clouds
171,Itoman,26.1247,127.6694,64.4,68,40,8.05,scattered clouds
172,Taoudenni,22.6783,-3.9836,85.06,10,0,9.91,clear sky
173,Icatu,-2.7758,-44.0658,80.6,83,75,9.22,light rain
174,Longyearbyen,78.2186,15.6401,33.8,69,75,9.22,broken clouds
175,Kismayo,-0.3582,42.5454,80.76,80,94,11.5,light rain
176,Shepsi,44.0361,39.1489,57.94,89,100,9.71,light rain
177,Lebu,-37.6167,-73.65,58.19,96,100,15.79,overcast clouds
178,Paita,-5.0892,-81.1144,87.8,51,0,11.5,clear sky
179,Vao,-22.6667,167.4833,76.55,83,53,14.56,broken clouds
180,Buchanan,5.8808,-10.0467,78.8,94,75,6.51,broken clouds
181,Tiksi,71.6872,128.8694,-6.41,99,86,3.04,overcast clouds
182,Orocue,4.7912,-71.3354,90.16,44,98,9.19,overcast clouds
183,Yulara,-25.2406,130.9889,48.2,71,0,8.05,clear sky
184,Mayang Imphal,24.6167,93.8833,58.96,70,0,1.05,clear sky
185,San Quintin,30.4833,-115.95,73.78,36,0,14.14,clear sky
186,Jaranwala,31.3333,73.4333,73.74,23,99,6.93,overcast clouds
187,Hue,16.4667,107.6,78.8,83,20,1.14,few clouds
188,Ancud,-41.8697,-73.8203,55.0,87,75,3.44,light rain
189,Tura,25.5198,90.2201,70.29,87,0,9.28,clear sky
190,Aswan,24.0934,32.907,91.27,20,97,11.99,overcast clouds
191,Aklavik,68.2191,-135.0107,44.6,42,83,3.44,broken clouds
192,Itzehoe,53.921,9.5153,48.99,66,2,6.98,clear sky
193,Axim,4.8699,-2.2405,80.62,83,97,6.64,overcast clouds
194,Northam,51.0333,-4.2167,48.0,78,100,1.01,overcast clouds
195,Saint-Pierre,-21.3393,55.4781,75.2,94,75,2.3,broken clouds
196,Berlevag,70.8578,29.0864,41.0,60,0,6.91,clear sky
197,Chipinge,-20.1883,32.6236,55.36,72,19,3.51,few clouds
198,Shenzhen,22.5455,114.0683,72.0,87,95,1.99,overcast clouds
199,Voznesenskaya,44.5527,41.0318,55.47,91,100,9.91,overcast clouds
200,Hofn,64.2539,-15.2082,41.0,70,75,12.66,broken clouds
201,Severo-Kurilsk,50.6789,156.125,37.08,94,100,14.58,overcast clouds
202,Lavrentiya,65.5833,-171.0,29.01,81,5,6.76,clear sky
203,Aktyubinskiy,54.8137,52.8056,32.61,56,3,10.74,clear sky
204,Srednekolymsk,67.45,153.6833,27.5,77,100,4.59,overcast clouds
205,Santa Lucia,27.9117,-15.5407,68.0,68,20,21.85,few clouds
206,Narsaq,60.9167,-46.05,42.8,36,75,6.91,broken clouds
207,Husavik,66.0449,-17.3389,39.2,56,40,8.05,scattered clouds
208,Lerwick,60.1545,-1.1494,46.4,81,100,16.11,overcast clouds
209,Rio Gallegos,-51.6226,-69.2181,55.4,58,40,2.3,light rain
210,Upernavik,72.7868,-56.1549,9.93,76,26,7.0,scattered clouds
211,Rawson,-43.3002,-65.1023,81.7,30,6,16.11,clear sky
212,Mount Gambier,-37.8333,140.7667,51.8,100,75,10.36,moderate rain
213,Plattsburgh,44.6995,-73.4529,59.0,41,90,10.36,overcast clouds
214,Vanavara,60.34,102.2797,25.21,92,100,11.34,light snow
215,Klaksvik,62.2266,-6.589,41.0,81,20,6.91,few clouds
216,Barrow,71.2906,-156.7887,24.8,80,90,20.71,overcast clouds
217,Urucara,-2.5364,-57.76,78.84,83,100,2.55,overcast clouds
218,Progreso,21.2833,-89.6667,89.6,62,90,9.22,overcast clouds
219,Pontarlier,46.8333,6.25,43.0,70,73,5.99,broken clouds
220,Juneau,58.3019,-134.4197,57.2,38,1,6.91,clear sky
221,Awjilah,29.1081,21.2869,68.09,29,87,22.48,overcast clouds
222,Altos,-5.0381,-42.46,80.6,78,0,3.8,clear sky
223,Udachnyy,66.4167,112.4,-12.84,100,60,2.13,broken clouds
224,Georgetown,5.4112,100.3354,77.0,94,40,2.3,light rain
225,Namibe,-15.1961,12.1522,81.19,73,6,1.97,clear sky
226,Chlorakas,34.8042,32.4083,78.01,43,0,5.75,clear sky
227,Killybegs,54.6333,-8.45,48.2,100,90,8.05,light rain
228,Lieksa,63.3167,30.0167,32.25,90,7,4.34,clear sky
229,Laguna,38.421,-121.4238,80.01,35,1,9.22,clear sky
230,Puerto Leguizamo,-0.1934,-74.7819,75.22,90,100,2.68,overcast clouds
231,Saint-Philippe,-21.3585,55.7679,75.2,94,75,2.3,broken clouds
232,Caravelas,-17.7125,-39.2481,78.15,84,18,9.93,few clouds
233,Portree,57.4129,-6.1942,45.0,87,100,14.0,moderate rain
234,Mitu,1.1983,-70.1733,81.05,86,61,2.71,light rain
235,Urengoy,65.9667,78.3667,8.04,94,100,11.79,overcast clouds
236,Dunedin,-45.8742,170.5036,54.5,67,0,4.0,clear sky
237,Yeppoon,-23.1333,150.7333,64.4,82,0,6.91,clear sky
238,Kununurra,-15.7667,128.7333,62.6,94,14,5.53,few clouds
239,Rancho Palos Verdes,33.7445,-118.387,73.99,56,1,8.05,clear sky
240,Vikhorevka,56.1201,101.1636,19.4,63,100,26.84,overcast clouds
241,Urumqi,43.801,87.6005,55.4,54,0,4.47,clear sky
242,Tiarei,-17.5333,-149.3333,84.2,70,20,4.61,few clouds
243,Shuyskoye,59.3736,41.0305,32.77,75,15,5.93,few clouds
244,Dong Hoi,17.4833,106.6,75.67,89,12,4.38,few clouds
245,Wooster,40.8051,-81.9351,63.0,39,40,10.36,scattered clouds
246,Abu Kamal,34.4506,40.9171,86.0,16,100,10.2,overcast clouds
247,Bria,6.5423,21.9863,75.83,70,100,3.98,overcast clouds
248,Nouadhibou,20.931,-17.0347,66.2,82,0,20.71,sand
249,Seymchan,62.8833,152.4333,31.98,85,100,3.47,overcast clouds
250,Cascais,38.6979,-9.4215,62.01,82,40,8.05,scattered clouds
251,Adjumani,3.3779,31.7909,74.98,65,95,4.14,overcast clouds
252,Nyurba,63.2842,118.3319,-7.62,100,82,3.69,broken clouds
253,Atambua,-9.1061,124.8925,69.42,83,96,4.21,overcast clouds
254,Ati,13.2154,18.3353,90.25,8,9,8.14,clear sky
255,Banjar,-8.19,114.9675,78.8,83,20,2.3,few clouds
256,Yovon,38.3141,69.0378,62.6,51,100,4.47,overcast clouds
257,San Carlos,9.6612,-68.5827,93.18,28,100,6.67,overcast clouds
258,Huanren,41.2647,125.3667,44.2,42,1,3.18,clear sky
259,Ambilobe,-13.2,49.05,71.47,85,93,3.06,overcast clouds
260,Fort Nelson,58.8053,-122.7002,53.6,26,1,9.22,clear sky
261,Port Lincoln,-34.7333,135.8667,60.39,83,8,15.57,clear sky
262,Clarence Town,-32.5833,151.7833,51.01,93,0,8.05,clear sky
263,Chegdomyn,51.1167,133.0167,22.73,67,99,8.75,overcast clouds
264,Beloha,-25.1667,45.05,68.13,75,0,13.4,clear sky
265,Tias,28.9611,-13.645,68.0,73,20,18.41,few clouds
266,Gat,31.61,34.7642,84.99,33,100,6.62,overcast clouds
267,Santa Cruz Del Norte,23.1539,-81.9236,89.6,51,75,14.97,broken clouds
268,Tautira,-17.7333,-149.15,84.2,70,20,4.61,few clouds
269,Ndele,8.4109,20.6473,84.02,38,100,4.7,overcast clouds
270,Zaraza,9.3503,-65.3245,93.52,31,100,11.83,overcast clouds
271,Togul,53.465,85.9128,15.71,92,12,3.4,few clouds
272,Chuy,-33.6971,-53.4616,66.11,72,0,8.95,clear sky
273,La Asuncion,11.0333,-63.8628,79.57,73,77,21.0,broken clouds
274,Ahipara,-35.1667,173.1667,63.54,93,100,19.39,moderate rain
275,Port Hawkesbury,45.6169,-61.3485,41.0,93,90,14.97,overcast clouds
276,Fallon,39.4735,-118.7774,75.2,11,40,17.27,scattered clouds
277,La Ronge,55.1001,-105.2842,35.6,41,100,16.11,overcast clouds
278,Chokwe,-24.5333,32.9833,64.13,79,0,5.86,clear sky
279,Ostersund,63.1792,14.6357,50.0,37,5,5.75,clear sky
280,Morondava,-20.2833,44.2833,77.74,77,100,7.56,overcast clouds
281,Tokonou,9.65,-9.7833,82.9,45,71,4.21,broken clouds
282,Vila Velha,-20.3297,-40.2925,81.0,88,75,8.05,broken clouds
283,Floro,61.5996,5.0328,51.8,58,0,18.41,clear sky
284,Tomatlan,19.9333,-105.25,87.64,36,8,13.0,clear sky
285,Lompoc,34.6391,-120.4579,60.8,72,1,17.27,clear sky
286,Ouro Preto Do Oeste,-10.7481,-62.2158,80.1,89,55,1.34,light rain
287,Marawi,7.9986,124.2928,73.99,87,100,5.01,overcast clouds
288,Sorkjosen,69.8,20.9333,38.55,62,31,10.74,scattered clouds
289,Luderitz,-26.6481,15.1594,70.48,63,85,11.21,overcast clouds
290,Bandar-E Lengeh,26.5579,54.8807,77.22,59,0,6.71,clear sky
291,Nalut,30.3333,10.85,63.84,19,77,9.46,broken clouds
292,Cuitareo,19.6167,-100.6,80.01,16,68,14.0,broken clouds
293,Yabrud,33.9674,36.6574,75.2,27,0,6.91,light rain
294,Lasa,46.6166,10.7002,55.4,56,20,5.75,few clouds
295,Turan,16.0678,108.2208,78.8,83,40,5.75,scattered clouds
296,Cabo San Lucas,22.8909,-109.9124,84.2,47,1,4.61,clear sky
297,Ulaanbaatar,47.9077,106.8832,48.2,23,0,24.61,clear sky
298,Pedernales,18.0384,-71.744,87.53,46,50,19.13,scattered clouds
299,Marinette,45.1,-87.6307,41.0,48,90,13.8,overcast clouds
300,Bowen,-20.0167,148.2333,71.6,88,40,8.05,scattered clouds
301,Russell,32.3502,-85.1999,73.4,33,1,6.67,clear sky
302,Dingle,10.9995,122.6711,76.42,85,100,5.3,light rain
303,Lake City,30.1897,-82.6393,78.01,36,1,10.36,clear sky
304,Lorengau,-2.0226,147.2712,81.81,76,97,7.23,overcast clouds
305,Puerto Escondido,15.85,-97.0667,86.0,66,40,9.22,scattered clouds
306,Mtimbira,-8.7833,36.35,70.41,87,98,2.06,overcast clouds
307,Saint-Joseph,-21.3667,55.6167,75.2,94,75,2.3,broken clouds
308,Beira,-19.8436,34.8389,73.4,78,20,7.31,few clouds
309,Atherton,53.5237,-2.4935,54.0,46,89,1.92,overcast clouds
310,Karratha,-20.7377,116.8463,76.33,51,0,9.19,clear sky
311,Cap Malheureux,-19.9842,57.6142,75.99,86,17,3.0,light rain
312,Tilichiki,60.4667,166.1,24.98,93,83,4.74,broken clouds
313,Dezhou,37.4486,116.2925,59.16,46,100,7.87,overcast clouds
314,Camopi,3.1655,-52.3158,74.19,97,97,3.62,overcast clouds
315,Contamana,-7.3333,-75.0167,86.52,62,71,5.08,broken clouds
316,Detva,48.5608,19.4195,43.0,75,100,1.79,light rain
317,Nanortalik,60.1432,-45.2371,33.13,75,100,8.97,overcast clouds
318,Sawtell,-30.3833,153.1,52.0,93,0,4.29,mist
319,Dayong,25.0209,118.2898,68.0,60,0,4.47,clear sky
320,San Cristobal,7.7669,-72.225,95.0,28,40,21.85,scattered clouds
321,Taunggyi,20.7833,97.0333,63.72,55,0,2.57,clear sky
322,Sisimiut,66.9395,-53.6735,26.2,68,100,6.46,overcast clouds
323,Moree,-29.4667,149.85,48.2,87,4,8.05,clear sky
324,Ekpoma,6.7421,6.139,76.69,78,90,6.46,overcast clouds
325,Leningradskiy,69.3833,178.4167,15.75,83,2,3.87,clear sky
326,Teguldet,57.3064,88.1667,6.58,95,91,8.05,overcast clouds
327,Greytown,-29.0642,30.5928,57.0,89,97,9.89,overcast clouds
328,Malartic,48.1335,-78.1328,59.0,31,75,3.44,broken clouds
329,Kavieng,-2.5744,150.7967,81.01,79,99,12.44,light rain
330,Saint-Augustin,51.226,-58.6502,41.22,87,100,17.87,overcast clouds
331,Timberlake,37.3207,-79.2575,68.0,48,1,4.61,clear sky
332,Bazum,40.8676,44.4398,53.6,58,20,3.44,few clouds
333,Hornepayne,49.2138,-84.7705,28.13,86,100,16.51,light snow
334,Osmena,10.5208,119.9258,80.92,80,100,14.27,overcast clouds
335,Nadym,65.5333,72.5167,22.5,95,100,20.74,snow
336,Mayo,38.8876,-76.5119,62.01,72,1,8.05,clear sky
337,Port Blair,11.6667,92.75,80.98,74,100,3.4,overcast clouds
338,Promyshlennovskiy,55.4833,86.2,14.0,62,40,6.71,scattered clouds
339,Marmashen,40.8349,43.7779,53.6,58,20,3.44,light rain
340,General Roca,-39.0333,-67.5833,87.8,27,0,8.55,clear sky
341,Dehui,44.5333,125.7,32.0,74,0,3.96,clear sky
342,Sauda,59.6506,6.3542,39.67,77,8,7.2,clear sky
343,Prince George,53.9166,-122.753,55.0,27,1,4.61,clear sky
344,Playas,-2.6333,-80.3833,77.65,79,42,8.81,scattered clouds
345,Severnyy,50.677,36.5532,46.4,87,0,6.71,light rain
346,Staryy Nadym,65.6118,72.6842,22.33,95,100,19.3,snow
347,Biysk,52.5364,85.2072,18.63,87,99,4.03,overcast clouds
348,Wilmington,34.2257,-77.9447,73.4,49,75,18.41,broken clouds
349,Male,4.1748,73.5089,82.4,78,20,4.61,few clouds
350,Quatre Cocos,-20.2078,57.7625,77.0,94,75,9.75,light rain
351,Tasiilaq,65.6145,-37.6368,26.6,68,3,9.22,clear sky
352,Naron,43.5167,-8.1528,55.99,82,20,1.14,few clouds
353,Port Macquarie,-31.4333,152.9167,51.01,95,3,1.01,clear sky
354,Villa Rica,33.7321,-84.9191,70.0,53,5,7.0,clear sky
355,Calama,-22.4667,-68.9333,71.6,11,0,19.57,clear sky
356,Matagami,49.7502,-77.6328,55.4,30,75,9.22,broken clouds
357,Lagos,6.5833,3.75,82.4,83,20,2.3,few clouds
358,Usinsk,65.9939,57.5281,29.77,82,100,14.43,overcast clouds
359,Sitka,57.0531,-135.33,60.8,36,20,11.5,few clouds
360,Tuatapere,-46.1333,167.6833,54.0,75,4,4.0,clear sky
361,Cap-Aux-Meules,47.3821,-61.8597,39.2,87,100,13.8,overcast clouds
362,Araouane,18.9048,-3.5265,84.85,8,69,10.13,broken clouds
363,Kloulklubed,7.0419,134.2556,77.0,94,75,6.67,broken clouds
364,Cabedelo,-6.9811,-34.8339,82.4,74,40,5.75,scattered clouds
365,Kusti,13.1629,32.6635,92.79,13,53,8.63,broken clouds
366,Ko Samui,9.5357,99.9357,83.01,73,94,11.86,overcast clouds
367,Sept-Iles,50.2001,-66.3821,48.99,49,75,5.75,broken clouds
368,Amarpatan,24.3167,80.9833,84.81,17,18,2.08,few clouds
369,Bjerringbro,56.378,9.6607,48.2,49,3,4.61,clear sky
370,Martapura,-3.4167,114.85,73.35,92,80,1.88,broken clouds
371,Beaune,47.0833,4.75,50.0,66,0,2.3,clear sky
372,Mushie,-3.0167,16.9,72.12,95,100,3.33,overcast clouds
373,Tobermory,45.2501,-81.6665,41.0,93,100,6.91,overcast clouds
374,Diffa,13.3154,12.6113,88.21,6,14,4.76,few clouds
375,Plettenberg Bay,-34.0527,23.3716,60.87,86,100,12.77,overcast clouds
376,Pulaski,34.7668,-92.3001,73.0,28,20,6.91,few clouds
377,San Patricio,28.017,-97.5169,71.6,49,90,6.91,overcast clouds
378,Piacabucu,-10.4056,-36.4344,80.08,77,83,9.86,broken clouds
379,Chunskiy,56.0815,99.6342,17.42,75,98,13.56,overcast clouds
380,Dicabisagan,17.0818,122.4157,76.59,89,100,18.12,overcast clouds
381,Ambanja,-13.6833,48.45,73.53,92,70,4.43,broken clouds
382,Nola,40.922,14.5329,48.0,80,62,1.74,broken clouds
383,Williams Lake,52.1415,-122.1445,61.0,27,1,4.61,clear sky
384,Ilulissat,69.2167,-51.1,19.4,42,75,5.75,broken clouds
385,Gorontalo,0.5412,123.0595,74.75,85,100,1.68,overcast clouds
386,Bara,10.3744,10.7288,88.16,23,81,5.5,broken clouds
387,Viedma,-40.8135,-62.9967,81.16,47,27,20.54,scattered clouds
388,Labuhan,-6.8844,112.2051,75.67,84,91,7.23,overcast clouds
389,Arenzano,44.4052,8.6832,55.4,67,0,4.61,clear sky
390,Ossora,59.2353,163.0719,28.04,93,100,0.76,overcast clouds
391,Vyartsilya,62.1764,30.693,36.25,69,35,4.47,scattered clouds
392,Jevnaker,60.2414,10.385,50.0,60,0,3.49,clear sky
393,Antofagasta,-23.65,-70.4,68.0,60,0,11.5,clear sky
394,Kousseri,12.0769,15.0306,93.2,11,55,5.75,broken clouds
395,Cagliliog,13.9016,123.2913,77.5,86,100,18.37,moderate rain
396,Kavaratti,10.5669,72.642,83.68,71,33,8.5,scattered clouds
397,Olafsvik,64.8945,-23.7142,35.76,64,50,20.0,scattered clouds
398,Dingzhou,38.5131,114.9956,57.2,77,0,4.47,clear sky
399,Qui Nhon,13.7667,109.2333,75.15,87,100,4.23,overcast clouds
400,Conde,-7.2597,-34.9075,82.4,74,40,5.75,scattered clouds
401,Norman Wells,65.282,-126.8329,48.2,40,1,4.61,clear sky
402,Vilhena,-12.7406,-60.1458,75.2,94,75,10.36,moderate rain
403,Oranjestad,12.524,-70.027,84.2,70,40,24.16,scattered clouds
404,Broome,42.2506,-75.833,57.99,62,75,5.44,broken clouds
405,Kupang,-10.1667,123.5833,74.53,80,43,5.06,scattered clouds
406,Sobolevo,54.4299,31.8996,43.68,85,95,10.04,overcast clouds
407,Nizhyn,51.048,31.8869,41.56,91,20,7.38,few clouds
408,Verkh-Usugli,52.7,115.1667,22.8,31,79,2.93,broken clouds
409,Derzhavinsk,51.1,66.3167,27.7,42,72,19.08,broken clouds
410,Pangnirtung,66.1451,-65.7125,17.6,86,90,4.61,light snow
411,Barber,12.2833,-69.0667,84.2,65,20,18.41,few clouds
412,Rambha,19.5167,85.1,79.75,92,9,12.68,clear sky
413,Knysna,-34.0363,23.0471,57.2,88,90,13.8,overcast clouds
414,Portland,45.5234,-122.6762,72.0,26,75,20.71,broken clouds
415,Fez,34.0372,-4.9998,59.0,67,0,5.75,clear sky
416,Bethanien,-26.502,17.1583,73.29,25,37,10.13,scattered clouds
417,Koungou,-12.7336,45.2042,80.6,83,0,5.75,moderate rain
418,Grindavik,63.8424,-22.4338,33.8,80,75,20.71,broken clouds
419,Hays,30.0502,-98.0336,75.0,37,92,1.01,overcast clouds
420,Chifeng,42.2683,118.9636,47.23,26,92,5.84,overcast clouds
421,Springdale,36.1867,-94.1288,69.01,34,1,6.91,clear sky
422,Megion,61.0296,76.1136,6.8,85,0,4.47,clear sky
423,Ponta Delgada,37.7333,-25.6667,62.6,88,20,4.61,few clouds
424,Thunder Bay,48.4001,-89.3168,30.99,64,90,13.8,overcast clouds
425,Sitio Novo Do Tocantins,-5.5183,-47.4611,72.03,95,100,2.71,overcast clouds
426,Eyl,7.9803,49.8164,82.31,77,62,9.89,light rain
427,Abashiri,44.0213,144.2697,43.88,68,3,15.82,clear sky
428,Ketchikan,55.3422,-131.6461,57.2,41,1,9.22,clear sky
429,Fayaoue,-20.65,166.5333,79.48,81,17,4.23,few clouds
430,Padang,-0.9492,100.3543,76.44,87,38,3.89,scattered clouds
431,Diamantina,-18.2494,-43.6003,67.91,65,71,2.98,broken clouds
432,Adelaide,-34.9333,138.6,54.0,82,20,8.05,few clouds
433,Biratnagar,26.4831,87.2834,75.78,46,0,7.63,clear sky
434,Chimbote,-9.0853,-78.5783,72.66,73,87,9.73,overcast clouds
435,Baniachang,24.5167,91.3667,72.19,80,0,6.73,clear sky
436,Vozhega,60.4725,40.2213,30.78,80,7,4.83,clear sky
437,Banfora,10.6333,-4.7667,89.4,39,78,6.38,broken clouds
438,Palasa,18.7667,84.4167,78.89,93,28,6.2,scattered clouds
439,Ugento,39.9263,18.1574,50.0,100,40,6.91,scattered clouds
440,Isangel,-19.55,169.2667,81.81,79,46,3.49,scattered clouds
441,Mehamn,71.0357,27.8492,37.4,70,0,5.75,clear sky
442,Ouallam,14.3188,2.0866,94.15,24,65,10.49,broken clouds
443,Mercedes,-34.6515,-59.4307,78.01,45,0,4.0,clear sky
444,Vila Franca Do Campo,37.7167,-25.4333,62.6,88,20,4.61,few clouds
445,Mountrath,52.9989,-7.4728,46.99,94,100,7.0,overcast clouds
446,Dankov,53.2515,39.1555,42.01,65,100,14.27,overcast clouds
447,Kukuna,9.4,-12.6667,82.26,75,50,6.04,light rain
448,Montmagny,48.9734,2.3469,57.0,58,0,3.44,clear sky
449,Galle,6.0367,80.217,80.42,80,61,7.56,broken clouds
450,Lujan,-34.5703,-59.105,75.2,60,0,9.22,clear sky
451,Peru,40.7537,-86.0689,62.6,39,75,16.11,broken clouds
452,Micheweni,-4.9667,39.8333,76.86,89,100,19.39,overcast clouds
453,Ilinskiy,55.619,38.1182,46.4,42,0,11.18,light rain
454,Talcahuano,-36.7167,-73.1167,59.0,94,90,13.8,mist
455,Isabela,6.7085,121.9711,80.62,84,100,11.32,overcast clouds
456,Pevek,69.7008,170.3133,16.21,83,23,8.05,few clouds
457,Miramar,25.9873,-80.2323,91.0,51,40,19.57,scattered clouds
458,Lichinga,-13.3128,35.2406,59.0,94,40,8.05,scattered clouds
459,Gijon,43.5357,-5.6615,57.99,78,82,3.15,broken clouds
460,Kebumen,-7.6687,109.6519,75.09,86,58,4.43,broken clouds
461,Kruisfontein,-34.0033,24.7314,59.0,91,100,1.01,overcast clouds
462,Alencon,48.4333,0.0833,55.4,54,0,4.61,clear sky
463,Kaeo,-35.1,173.7833,63.0,95,100,10.0,light rain
464,Black River,18.0264,-77.8487,89.6,62,20,12.66,few clouds
465,Cocobeach,1.0002,9.5823,80.6,89,75,4.61,broken clouds
466,Sungairaya,0.7,108.9,77.22,83,82,1.36,broken clouds
467,Jiayuguan,39.8167,98.3,49.91,36,69,4.0,broken clouds
468,Sinnamary,5.3833,-52.95,77.61,85,82,9.37,light rain
469,San Luis,-33.295,-66.3356,76.75,52,17,16.26,few clouds
470,Clyde River,70.4692,-68.5914,8.6,85,20,17.27,snow
471,Karibib,-21.9333,15.8333,70.61,39,39,8.57,scattered clouds
472,Manavalakurichi,8.1333,77.3,82.4,89,75,5.75,light rain
473,Belmonte,-15.8631,-38.8828,80.6,74,40,16.11,scattered clouds
474,Boulder,40.0833,-105.3505,33.01,100,90,8.05,snow
475,Severo-Yeniseyskiy,60.3725,93.0408,5.92,93,100,12.66,light snow
476,San Felipe,10.3399,-68.7425,83.34,57,100,9.8,overcast clouds
477,Alakurtti,66.9672,30.3491,35.01,61,23,1.95,few clouds
478,Oussouye,12.485,-16.5469,82.4,61,0,9.22,clear sky
479,Buin,-33.7333,-70.75,71.6,46,0,8.05,clear sky
480,Senneterre,48.3835,-77.2328,59.0,31,75,3.44,broken clouds
481,Lodja,-3.4833,23.4333,70.56,99,100,1.9,light rain
482,Harper,4.375,-7.7169,81.7,78,100,5.32,overcast clouds
483,Ulaangom,49.9811,92.0667,48.06,35,100,3.29,overcast clouds
484,Katangli,51.7102,143.2326,30.76,91,100,13.65,overcast clouds
485,Whitianga,-36.8333,175.7,63.0,88,100,5.99,light rain
486,Ormara,25.2088,64.6357,82.92,60,87,15.46,overcast clouds
487,Hay River,60.8156,-115.7999,46.4,39,72,3.44,broken clouds
488,Bhinmal,25.0,72.25,82.36,42,100,11.56,overcast clouds
489,Buraydah,26.326,43.975,80.6,28,0,6.91,clear sky
490,Buala,-8.145,159.5921,83.12,79,91,7.81,overcast clouds
491,Inhambane,-23.865,35.3833,69.94,75,0,7.65,clear sky
492,Pachino,36.7186,15.0907,50.0,81,0,5.75,clear sky
493,Port Keats,-14.25,129.55,73.38,53,42,5.08,scattered clouds
494,Janakkala,60.9,24.6,44.01,49,0,5.75,clear sky
495,Azangaro,-14.9167,-70.2167,62.6,14,20,6.91,few clouds
496,San Rafael,-34.6177,-68.3301,80.82,40,71,16.69,broken clouds
497,Santa Barbara,34.7333,-120.0343,79.0,40,1,11.5,clear sky
498,Kyakhta,50.3508,106.4494,43.32,36,70,5.21,broken clouds
499,Umm Lajj,25.0213,37.2685,83.12,48,63,3.22,broken clouds
500,North Bend,43.4065,-124.2243,64.99,72,97,1.01,overcast clouds
501,Kudahuvadhoo,2.6708,72.8944,82.18,66,29,5.12,scattered clouds
502,Mulanje,-16.0316,35.5,63.5,97,77,4.0,broken clouds
503,Whyalla,-33.0333,137.5833,50.0,71,90,9.22,overcast clouds
504,Marzuq,14.4,46.4667,71.65,57,90,1.68,overcast clouds
505,Korcula,42.9622,17.1369,48.2,93,75,3.44,broken clouds
506,Halifax,44.6453,-63.5724,60.8,41,20,16.11,few clouds
507,Sheregesh,52.9209,87.9869,12.07,98,89,2.51,overcast clouds
508,Avera,33.194,-82.5271,75.2,29,1,11.5,clear sky
509,Linhares,-19.3911,-40.0722,74.41,92,42,5.32,scattered clouds
510,Tiete,-23.1019,-47.7147,75.2,57,40,16.11,scattered clouds
511,Marapanim,-0.7175,-47.6997,75.11,93,100,4.09,moderate rain
512,Kibaya,-5.3,36.5667,58.89,90,100,3.87,overcast clouds
513,Araguaina,-7.1911,-48.2072,74.3,89,96,3.31,overcast clouds
514,Kjollefjord,70.9457,27.3465,37.4,70,0,5.75,clear sky
515,Paamiut,61.994,-49.6678,32.32,87,100,10.27,overcast clouds
516,Waipawa,-41.4122,175.5153,60.8,77,100,16.11,overcast clouds
517,Mahon,39.8885,4.2658,53.6,82,0,5.75,clear sky
518,Kargopol,61.5071,38.9456,31.19,78,29,4.41,scattered clouds
519,Deputatskiy,69.3,139.9,9.05,95,100,1.92,overcast clouds
520,Kysyl-Syr,63.8986,122.7617,-8.79,100,99,2.57,overcast clouds
521,Alto Araguaia,-17.3147,-53.2153,80.04,54,87,2.48,overcast clouds
522,Berdigestyakh,62.0989,126.6992,1.51,99,97,4.83,overcast clouds
523,Auki,-8.7676,160.7034,80.74,84,69,3.94,broken clouds
524,Beyneu,45.3167,55.2,62.6,57,100,8.72,overcast clouds
525,Turayf,31.6725,38.6637,78.8,24,0,9.22,clear sky
526,Pangody,65.85,74.4859,18.9,94,100,18.21,light snow
527,Krutaya Gorka,55.3649,73.2231,19.4,49,0,6.71,clear sky
528,Pong,19.1493,100.2752,74.14,82,10,2.82,clear sky
529,Sterling,39.0062,-77.4286,64.99,48,40,6.91,scattered clouds
530,Nome,64.5011,-165.4064,39.2,60,1,5.75,clear sky
531,Coquimbo,-29.9533,-71.3436,59.0,82,75,10.36,broken clouds
532,Namatanai,-3.6667,152.4333,80.8,79,100,5.44,light rain
533,Eureka,40.8021,-124.1637,55.99,87,90,4.61,overcast clouds
534,Coahuayana,18.7333,-103.6833,87.8,20,20,11.5,few clouds
535,Ngunguru,-35.6167,174.5,63.0,95,100,10.0,moderate rain
536,Tateyama,34.9833,139.8667,55.0,54,20,4.61,few clouds
537,Balangiga,11.1097,125.3875,79.92,83,100,15.97,overcast clouds
538,Visaginas,55.6,26.4167,44.04,74,56,5.08,broken clouds
539,Wala,4.578,12.3154,72.16,89,99,1.48,light rain
540,Paragominas,-2.9667,-47.4833,71.8,95,99,4.41,light rain
541,Visnes,59.3556,5.2242,46.4,61,1,9.22,clear sky
542,Gallup,35.5281,-108.7426,64.4,14,1,16.11,clear sky
543,Tawau,4.2498,117.8871,77.0,94,20,2.3,few clouds
544,Kamaishi,39.2667,141.8833,49.23,78,4,9.26,clear sky
545,Ternate,0.8,127.4,80.53,80,100,2.48,overcast clouds
546,Disna,55.568,28.1971,45.19,82,85,6.13,overcast clouds
547,Jasper,37.2001,-94.3502,70.0,30,20,12.66,few clouds
548,Presidencia Roque Saenz Pena,-26.7852,-60.4388,80.01,48,0,5.64,clear sky
549,Teya,60.3778,92.6267,9.41,90,100,10.94,overcast clouds
550,Christchurch,-43.5333,172.6333,54.0,93,95,3.44,overcast clouds
551,Ozernovskiy,51.5,156.5167,37.4,96,100,13.91,light rain
552,Krasnoarmeysk,51.0239,45.6969,45.0,63,100,8.99,overcast clouds
553,Xining,36.6167,101.7667,37.9,76,78,1.97,broken clouds
554,Odzun,41.0532,44.6134,57.11,64,86,5.39,overcast clouds
555,Emerald,-23.5333,148.1667,60.8,94,0,5.75,clear sky
556,Zabaykalsk,49.6333,117.3167,31.93,30,11,8.34,few clouds
557,Banda Aceh,5.5577,95.3222,79.74,73,100,11.79,overcast clouds
558,Nishihara,26.1842,127.7558,64.4,68,40,8.05,scattered clouds
559,Humberto De Campos,-2.5983,-43.4611,71.98,97,100,3.67,moderate rain
560,Tabora,-5.0167,32.8,68.0,77,20,5.75,few clouds
561,New Ulm,44.3125,-94.4605,39.99,41,90,21.85,overcast clouds
562,Nantucket,41.2835,-70.0995,55.4,67,1,12.66,clear sky
563,Henties Bay,-22.116,14.2845,77.0,59,6,1.01,clear sky
564,Pizhma,57.8642,47.1171,28.65,82,2,5.53,clear sky
565,Nueve De Julio,-35.4444,-60.8831,78.01,64,4,4.0,clear sky
566,Pasir Gudang,1.4584,103.8805,78.8,94,32,1.14,scattered clouds
567,Goya,-29.14,-59.2626,76.37,61,2,4.7,clear sky
568,Thinadhoo,0.5333,72.9333,82.54,62,85,6.02,overcast clouds
569,Pinar Del Rio,22.4175,-83.6981,87.1,54,59,14.85,broken clouds
570,Kostalexis,38.8579,22.3646,54.0,62,14,8.99,few clouds
571,Sokur,55.2093,83.319,19.0,57,90,6.71,overcast clouds
572,Constantine,36.365,6.6147,50.0,66,0,6.91,clear sky
573,Cabras,39.93,8.5314,45.0,90,2,3.0,clear sky
574,Egvekinot,66.3167,-179.1667,25.23,69,0,1.41,clear sky
575,Guanare,9.0418,-69.7421,94.15,27,100,5.7,overcast clouds
576,Sunyani,7.3399,-2.3268,78.39,69,98,3.87,overcast clouds
577,Omboue,-1.5746,9.2618,78.66,87,100,5.86,light rain
578,Tambura,5.6,27.4667,77.85,61,100,1.57,light rain
579,Verkhoyansk,67.5447,133.385,12.72,91,100,3.71,overcast clouds
580,Merritt,50.1123,-120.7942,57.0,27,12,3.0,few clouds
581,Jupiter,26.9342,-80.0942,88.0,83,90,4.61,overcast clouds
582,Livramento,-3.0254,-60.1803,77.0,88,75,4.61,moderate rain
583,Mudgee,-32.5943,149.5871,33.8,93,34,1.57,scattered clouds
584,Palmer,42.1584,-72.3287,62.6,34,75,8.05,broken clouds
585,Tuyen Quang,21.8233,105.2181,73.94,95,57,2.21,broken clouds
586,Maragogi,-9.0122,-35.2225,78.6,81,88,6.78,overcast clouds
587,San Jose,37.3394,-121.895,70.0,52,20,8.05,few clouds
588,Vestmannaeyjar,63.4427,-20.2734,38.32,58,96,24.11,moderate rain
589,Manoel Urbano,-8.8389,-69.2597,80.04,90,79,2.06,broken clouds
590,Dukat,62.55,155.55,25.34,94,100,6.6,overcast clouds
591,Kungurtug,50.5994,97.5228,31.5,82,44,0.47,scattered clouds
592,Georgiyevka,43.0369,74.7114,53.6,58,40,6.71,scattered clouds
593,Makakilo City,21.3469,-158.0858,80.6,61,1,6.91,clear sky
594,Agadez,19.75,10.25,87.71,6,0,9.4,clear sky
595,Ambon,-3.6954,128.1814,77.0,88,40,5.75,scattered clouds
596,Vetlanda,57.4289,15.0776,48.2,43,4,3.44,clear sky
597,Stornoway,58.2093,-6.3865,46.4,93,75,20.71,broken clouds
598,Atar,20.5169,-13.0499,83.46,11,0,4.18,clear sky
599,Belfast,54.5833,-5.9333,51.01,66,100,5.75,overcast clouds
600,Nabire,-3.3667,135.4833,75.42,93,100,3.4,overcast clouds
601,Morro Agudo,-20.7314,-48.0578,78.8,53,0,10.36,clear sky
602,Huarmey,-10.0681,-78.1522,73.4,72,99,11.07,overcast clouds
603,Bambanglipuro,-7.95,110.2833,74.61,85,38,5.64,scattered clouds
604,Charters Towers,-20.1,146.2667,70.7,85,100,11.88,overcast clouds
605,Ostrovnoy,68.0531,39.5131,35.74,94,79,16.64,broken clouds
606,Trincomalee,8.5711,81.2335,79.39,81,99,8.97,overcast clouds
607,San Lazaro,18.0387,-88.6622,93.0,55,40,9.22,scattered clouds
608,Camocim,-2.9022,-40.8411,76.82,86,100,0.76,overcast clouds
609,Wuhu,31.3366,118.3755,59.0,77,0,4.47,light rain
610,Turukhansk,65.8167,87.9833,-5.06,98,13,7.02,few clouds
611,Doha,25.2867,51.5333,82.4,47,0,3.44,clear sky
612,Sarangani,5.4033,125.4636,82.78,77,100,21.25,overcast clouds
613,Zyryanka,65.75,150.85,24.22,85,100,5.59,overcast clouds
614,Bonavista,48.6499,-53.1147,41.0,100,100,3.44,overcast clouds
615,Riyadh,24.6877,46.7219,84.2,18,0,3.44,clear sky
616,Cherepanovo,54.2222,83.381,16.03,79,85,4.85,overcast clouds
617,San Jeronimo,-11.9472,-75.2829,62.26,53,100,5.32,overcast clouds
618,Kobelyaky,49.1489,34.1965,45.48,78,60,4.16,broken clouds
619,Voh,-20.9667,164.7,76.93,88,47,3.8,scattered clouds
620,Bilibino,68.0546,166.4372,14.47,90,29,4.29,scattered clouds
621,Half Moon Bay,37.4636,-122.4286,68.0,82,75,12.88,haze
622,Hamilton,39.1834,-84.5333,68.0,32,75,16.11,broken clouds
623,Krasnyy Chikoy,50.3643,108.7512,36.34,65,69,3.87,broken clouds
624,Iskateley,67.6803,53.1512,27.55,91,99,12.06,overcast clouds
625,Alofi,-19.0595,-169.9187,82.4,74,40,14.97,scattered clouds
626,Yumen,40.2833,97.2,51.71,32,100,5.28,overcast clouds
627,Plouzane,48.3833,-4.6167,48.2,66,0,4.61,clear sky
628,Panjab,34.388,67.0233,46.15,42,99,2.51,overcast clouds
629,Nicoya,10.1483,-85.452,87.8,62,40,14.97,scattered clouds
630,Casablanca,33.5928,-7.6192,66.2,72,0,13.8,clear sky
631,Greven,52.0936,7.594,52.0,81,0,1.14,clear sky
632,Evensk,61.95,159.2333,31.98,86,100,19.28,overcast clouds
633,Edd,13.9297,41.6925,88.39,30,84,13.8,broken clouds
634,Okhotsk,59.3833,143.3,32.65,98,100,27.65,snow
635,La Rioja,42.25,-2.5,60.8,33,20,1.14,few clouds
636,Ada,43.4166,-116.1262,63.0,20,1,26.46,clear sky
637,Acari,-15.4311,-74.6158,78.84,62,15,9.26,few clouds
638,Ushtobe,45.2514,77.9838,56.28,55,90,8.21,overcast clouds
639,Leo,11.1,-2.1,85.78,46,100,9.91,overcast clouds
640,Navalgund,15.5667,75.3667,79.56,59,78,12.06,broken clouds
641,Ugra,54.7777,34.3267,41.85,87,100,10.22,light rain
642,Adra,36.7496,-3.0206,62.6,77,0,9.22,clear sky
643,Bud,39.447,-86.1758,66.0,38,26,1.01,scattered clouds
644,Cimarron Hills,38.8586,-104.6989,50.0,43,75,16.11,broken clouds
645,Iquique,-20.2208,-70.1431,69.8,60,0,14.97,clear sky
646,Esquipulas Palo Gordo,14.9333,-91.8167,73.99,94,90,5.53,overcast clouds
647,Aksarka,66.5606,67.7975,30.49,89,100,15.35,overcast clouds
648,Hailar,49.2,119.7,28.45,47,2,6.91,clear sky
649,Rocha,-34.4833,-54.3333,63.05,83,0,7.85,clear sky
650,Saint-Francois,46.4154,3.9054,46.0,73,42,3.0,scattered clouds
651,Synya,65.3718,58.0387,31.6,81,100,7.31,overcast clouds
652,Kosh-Agach,50.0,88.6667,34.3,67,96,7.27,overcast clouds
653,Gongzhuling,43.5008,124.8198,41.76,38,0,6.17,clear sky
654,Poum,-20.2333,164.0167,78.71,81,12,15.5,few clouds
655,Soyo,-6.1349,12.3689,77.7,89,100,6.67,overcast clouds
656,Fukue,32.6881,128.8419,59.56,56,0,9.22,clear sky
657,Oistins,13.0667,-59.5333,82.4,54,20,21.85,few clouds
658,Rudnyy,52.9594,63.1206,24.8,63,0,2.24,clear sky
659,Chernushka,56.5072,56.0766,30.97,50,0,3.24,clear sky
660,Lazaro Cardenas,17.9583,-102.2,82.67,46,41,9.46,scattered clouds
661,Pochutla,15.7432,-96.4661,91.0,58,40,11.5,scattered clouds
662,Ishigaki,24.3448,124.1572,70.75,67,8,19.37,clear sky
663,Dwarka,22.2394,68.9678,80.69,77,75,15.37,broken clouds
664,Wuwei,37.9281,102.6414,48.47,35,52,3.85,broken clouds
665,Redcliffe,-27.2307,153.0973,57.2,94,0,8.05,clear sky
666,Sarh,9.1429,18.3923,89.6,45,0,6.13,clear sky
667,Douglas,41.3,-96.167,36.0,64,90,11.5,light snow
668,Pontian Kecil,1.4801,103.3899,77.0,94,20,2.42,few clouds
669,Ust-Tsilma,65.441,52.1498,32.45,76,98,7.25,overcast clouds
670,Plotnikovo,55.0247,85.9436,14.0,62,40,6.71,scattered clouds
671,Teknaf,20.8624,92.3058,75.99,88,2,2.39,clear sky
672,Santiago,-33.4569,-70.6483,71.6,46,0,8.05,clear sky
673,Chapais,49.7834,-74.8492,55.4,28,1,4.61,clear sky
674,Pindwara,24.8,73.0667,81.39,31,100,7.23,overcast clouds
675,Umm Kaddadah,13.6017,26.6876,85.37,8,6,9.22,clear sky
676,Alekseyevka,50.6309,38.6903,49.69,77,98,5.03,overcast clouds
677,Arlit,18.7369,7.3853,91.02,6,5,6.87,clear sky
